,cv-accuracy-raw,cv-accuracy-mean,cv-balanced-accuracy-raw,cv-balanced-accuracy-mean,cv-f1-raw,cv-f1-mean,cv-precision-raw,cv-precision-mean,cv-recall-raw,cv-recall-mean,cv-auc-raw,cv-auc-mean
0,[0.79585799 0.79289941 0.81065089 0.83431953 0.79821958],0.8063894790441241,[0.77775298 0.78452381 0.79118304 0.81633185 0.77373654],0.7887056419457735,[0.83840749 0.83091787 0.85116279 0.86976744 0.84331797],0.8467147146899409,[0.78434322 0.77977758 0.80150231 0.82754237 0.79059524],0.7967521455318348,[0.77775298 0.78452381 0.79118304 0.81633185 0.77373654],0.7887056419457735,[0.87008929 0.89854911 0.88210565 0.90985863 0.88004635],0.888129806049214
