,cv-accuracy-raw,cv-accuracy-mean,cv-balanced-accuracy-raw,cv-balanced-accuracy-mean,cv-f1-raw,cv-f1-mean,cv-precision-raw,cv-precision-mean,cv-recall-raw,cv-recall-mean,cv-auc-raw,cv-auc-mean
0,[0.78106509 0.79881657 0.80177515 0.82544379 0.79525223],0.8004705634470529,[0.76127232 0.79233631 0.78709077 0.80613839 0.7713442 ],0.7836363992367282,[0.8271028  0.83495146 0.84160757 0.86310905 0.84064665],0.8414835050109847,[0.7684633  0.78603669 0.78984038 0.81825038 0.78678097],0.7898743441537733,[0.76127232 0.79233631 0.78709077 0.80613839 0.7713442 ],0.7836363992367282,[0.86543899 0.89713542 0.87845982 0.9078125  0.87769139],0.8853076227500569
