,cv-accuracy-raw,cv-accuracy-mean,cv-balanced-accuracy-raw,cv-balanced-accuracy-mean,cv-f1-raw,cv-f1-mean,cv-precision-raw,cv-precision-mean,cv-recall-raw,cv-recall-mean,cv-auc-raw,cv-auc-mean
0,[0.88888889 0.93333333 0.94382022 0.93258427 0.87640449],0.9150062421972533,[0.69333333 0.82666667 0.82142857 0.8147619  0.69428571],0.7700952380952382,[0.54545455 0.76923077 0.7826087  0.75       0.52173913],0.6738066281544542,[0.87435456 0.92289988 0.96875    0.91835443 0.78333333],0.8935384419479661,[0.69333333 0.82666667 0.82142857 0.8147619  0.69428571],0.7700952380952382,[0.76177778 0.91555556 0.83809524 0.97238095 0.86285714],0.8701333333333332
