,cv-accuracy-raw,cv-accuracy-mean,cv-balanced-accuracy-raw,cv-balanced-accuracy-mean,cv-f1-raw,cv-f1-mean,cv-precision-raw,cv-precision-mean,cv-recall-raw,cv-recall-mean,cv-auc-raw,cv-auc-mean
0,[0.88888889 0.9        0.94382022 0.93258427 0.88764045],0.9105867665418227,[0.69333333 0.72666667 0.82142857 0.8147619  0.73      ],0.7572380952380952,[0.54545455 0.60869565 0.7826087  0.75       0.58333333],0.6540184453227932,[0.87435456 0.88871951 0.96875    0.91835443 0.8056962 ],0.8911749412416127,[0.69333333 0.72666667 0.82142857 0.8147619  0.73      ],0.7572380952380952,[0.75911111 0.90844444 0.84666667 0.97047619 0.86571429],0.8700825396825398
