,cv-accuracy-raw,cv-accuracy-mean,cv-balanced-accuracy-raw,cv-balanced-accuracy-mean,cv-f1-raw,cv-f1-mean,cv-precision-raw,cv-precision-mean,cv-recall-raw,cv-recall-mean,cv-auc-raw,cv-auc-mean
0,[0.96551724 0.96551724 0.96551724 0.98245614 0.96491228],0.9687840290381124,[0.5        0.5        0.5        0.5        0.49107143],0.49821428571428567,[0. 0. 0. 0. 0.],0.0,[0.48275862 0.48275862 0.48275862 0.49122807 0.49107143],0.4861150721631665,[0.5        0.5        0.5        0.5        0.49107143],0.49821428571428567,[0.86607143 0.70535714 0.45535714 0.96428571 0.71428571],0.7410714285714286
