,cv-accuracy-raw,cv-accuracy-mean,cv-balanced-accuracy-raw,cv-balanced-accuracy-mean,cv-f1-raw,cv-f1-mean,cv-precision-raw,cv-precision-mean,cv-recall-raw,cv-recall-mean,cv-auc-raw,cv-auc-mean
0,[0.96551724 0.96551724 0.96551724 0.98245614 0.98245614],0.9722928009679371,[0.5 0.5 0.5 0.5 0.5],0.5,[0. 0. 0. 0. 0.],0.0,[0.48275862 0.48275862 0.48275862 0.49122807 0.49122807],0.48614640048396857,[0.5 0.5 0.5 0.5 0.5],0.5,[0.85714286 0.72321429 0.45535714 0.89285714 0.73214286],0.7321428571428571
