,cv-accuracy-raw,cv-accuracy-mean,cv-balanced-accuracy-raw,cv-balanced-accuracy-mean,cv-f1-raw,cv-f1-mean,cv-precision-raw,cv-precision-mean,cv-recall-raw,cv-recall-mean,cv-auc-raw,cv-auc-mean
0,[0.9125 0.95   0.9125 0.9375 0.9375],0.93,[0.5625     0.80555556 0.61111111 0.72222222 0.72222222],0.6847222222222222,[0.22222222 0.71428571 0.36363636 0.61538462 0.61538462],0.5061827061827062,[0.9556962  0.8963964  0.95512821 0.96710526 0.96710526],0.9482862660744071,[0.5625     0.80555556 0.61111111 0.72222222 0.72222222],0.6847222222222222,[0.72569444 0.91319444 0.85758998 0.80594679 0.94679186],0.8498435054773082
