,cv-accuracy-raw,cv-accuracy-mean,cv-balanced-accuracy-raw,cv-balanced-accuracy-mean,cv-f1-raw,cv-f1-mean,cv-precision-raw,cv-precision-mean,cv-recall-raw,cv-recall-mean,cv-auc-raw,cv-auc-mean
0,[0.9   0.95  0.9   0.925 0.95 ],0.925,[0.61111111 0.80555556 0.55555556 0.71517997 0.77777778],0.6930359937402191,[0.33333333 0.71428571 0.2        0.57142857 0.71428571],0.5066666666666666,[0.71052632 0.8963964  0.94936709 0.86666667 0.97333333],0.879257960158693,[0.61111111 0.80555556 0.55555556 0.71517997 0.77777778],0.6930359937402191,[0.73784722 0.93402778 0.86071987 0.79812207 0.93896714],0.8539368153364633
