,cv-accuracy-raw,cv-accuracy-mean,cv-balanced-accuracy-raw,cv-balanced-accuracy-mean,cv-f1-raw,cv-f1-mean,cv-precision-raw,cv-precision-mean,cv-recall-raw,cv-recall-mean,cv-auc-raw,cv-auc-mean
0,[0.93421053 0.94736842 0.94736842 0.93333333 0.94666667],0.9417894736842104,[0.81190476 0.66666667 0.66666667 0.5        0.69285714],0.6676190476190476,[0.61538462 0.5        0.5        0.         0.5       ],0.4230769230769231,[0.77122153 0.97297297 0.97297297 0.46666667 0.8125    ],0.7992668289407421,[0.81190476 0.66666667 0.66666667 0.5        0.69285714],0.6676190476190476,[0.87619048 0.87142857 0.88809524 0.86       0.80857143],0.8608571428571429
