,cv-accuracy-raw,cv-accuracy-mean,cv-balanced-accuracy-raw,cv-balanced-accuracy-mean,cv-f1-raw,cv-f1-mean,cv-precision-raw,cv-precision-mean,cv-recall-raw,cv-recall-mean,cv-auc-raw,cv-auc-mean
0,[0.93421053 0.97368421 0.94736842 0.96       0.96      ],0.9550526315789473,[0.81190476 0.83333333 0.66666667 0.7        0.79285714],0.7609523809523809,[0.61538462 0.8        0.5        0.57142857 0.66666667],0.6306959706959707,[0.77122153 0.98611111 0.97297297 0.97945205 0.86091549],0.9141346327854898,[0.81190476 0.83333333 0.66666667 0.7        0.79285714],0.7609523809523809,[0.8547619  0.87142857 0.88809524 0.88       0.82285714],0.8634285714285713
