,cv-accuracy-raw,cv-accuracy-mean,cv-balanced-accuracy-raw,cv-balanced-accuracy-mean,cv-f1-raw,cv-f1-mean,cv-precision-raw,cv-precision-mean,cv-recall-raw,cv-recall-mean,cv-auc-raw,cv-auc-mean
0,[0.68548387 0.78225806 0.72580645 0.74796748 0.76422764],0.7411487018095987,[0.68645833 0.78125    0.72447917 0.7439089  0.76468254],0.7401557875975249,[0.688      0.76923077 0.70689655 0.71028037 0.76422764],0.7277270674126212,[0.68670143 0.78279654 0.72636555 0.75583333 0.76468254],0.7432758793982444,[0.68645833 0.78125    0.72447917 0.7439089  0.76468254],0.7401557875975249,[0.80729167 0.86770833 0.7921875  0.84666314 0.85608466],0.8339870583355753
