,cv-accuracy-raw,cv-accuracy-mean,cv-balanced-accuracy-raw,cv-balanced-accuracy-mean,cv-f1-raw,cv-f1-mean,cv-precision-raw,cv-precision-mean,cv-recall-raw,cv-recall-mean,cv-auc-raw,cv-auc-mean
0,[0.82790698 0.81775701 0.8411215  0.84579439 0.8317757 ],0.8328711149750054,[0.78076923 0.75802083 0.788125   0.7959375  0.77697917],0.7799663461538462,[0.87947883 0.87459807 0.89032258 0.89320388 0.88387097],0.8842948659966712,[0.80062596 0.79028478 0.82013889 0.82487136 0.80775463],0.8087351222465085,[0.78076923 0.75802083 0.788125   0.7959375  0.77697917],0.7799663461538462,[0.87712821 0.90989583 0.87645833 0.87729167 0.8875    ],0.8856548076923076
