,category,pii,accuracy,f1,precision,recall
0,entire-population,sex,0.9290865384615384,0.5874125874125875,0.8076923076923077,0.46153846153846156
1,entire-population,race,0.9302884615384616,0.5915492957746479,0.8235294117647058,0.46153846153846156
2,entire-population,insurance,0.9278846153846154,0.5833333333333334,0.7924528301886793,0.46153846153846156
3,entire-population,age-group,0.9242788461538461,0.5771812080536913,0.7413793103448276,0.4725274725274725
