,category,pii,accuracy,f1,precision,recall
0,entire-population,sex,0.921875,0.5695364238410596,0.7166666666666667,0.4725274725274725
1,entire-population,race,0.9230769230769231,0.5733333333333333,0.7288135593220338,0.4725274725274725
2,entire-population,insurance,0.9230769230769231,0.5733333333333333,0.7288135593220338,0.4725274725274725
3,entire-population,age-group,0.9242788461538461,0.5771812080536913,0.7413793103448276,0.4725274725274725
