,cv-accuracy-raw,cv-accuracy-mean,cv-balanced-accuracy-raw,cv-balanced-accuracy-mean,cv-f1-raw,cv-f1-mean,cv-precision-raw,cv-precision-mean,cv-recall-raw,cv-recall-mean,cv-auc-raw,cv-auc-mean
0,[0.85       0.6        0.78947368 0.78947368 0.68421053],0.7426315789473683,[0.75       0.47619048 0.6        0.6        0.54487179],0.5942124542124543,[0.90322581 0.73333333 0.875      0.875      0.8       ],0.8373118279569892,[0.91176471 0.46875    0.88888889 0.88888889 0.60294118],0.7522467320261438,[0.75       0.47619048 0.6        0.6        0.54487179],0.5942124542124543,[0.75       0.61904762 0.64285714 0.52857143 0.79487179],0.667069597069597
