,cv-accuracy-raw,cv-accuracy-mean,cv-balanced-accuracy-raw,cv-balanced-accuracy-mean,cv-f1-raw,cv-f1-mean,cv-precision-raw,cv-precision-mean,cv-recall-raw,cv-recall-mean,cv-auc-raw,cv-auc-mean
0,[0.85       0.6        0.78947368 0.73684211 0.68421053],0.7321052631578947,[0.75       0.47619048 0.6        0.5        0.5       ],0.5652380952380953,[0.90322581 0.73333333 0.875      0.84848485 0.8125    ],0.834508797653959,[0.91176471 0.46875    0.88888889 0.36842105 0.34210526],0.595985982112143,[0.75       0.47619048 0.6        0.5        0.5       ],0.5652380952380953,[0.73809524 0.61904762 0.65714286 0.52857143 0.79487179],0.6675457875457875
