,cv-accuracy-raw,cv-accuracy-mean,cv-balanced-accuracy-raw,cv-balanced-accuracy-mean,cv-f1-raw,cv-f1-mean,cv-precision-raw,cv-precision-mean,cv-recall-raw,cv-recall-mean,cv-auc-raw,cv-auc-mean
0,[0.81042654 0.83333333 0.78571429 0.8047619  0.81428571],0.8097043556759196,[0.78241273 0.82119045 0.75538699 0.78175991 0.78933566],0.7860171506272579,[0.85507246 0.86692015 0.83636364 0.84870849 0.85714286],0.852841519290147,[0.80524461 0.82284382 0.77809343 0.79395075 0.80619796],0.8012661174411182,[0.78241273 0.82119045 0.75538699 0.78175991 0.78933566],0.7860171506272579,[0.8849252  0.91564402 0.84819789 0.88315851 0.88403263],0.8831916521330957
