,cv-accuracy-raw,cv-accuracy-mean,cv-balanced-accuracy-raw,cv-balanced-accuracy-mean,cv-f1-raw,cv-f1-mean,cv-precision-raw,cv-precision-mean,cv-recall-raw,cv-recall-mean,cv-auc-raw,cv-auc-mean
0,[0.80094787 0.8047619  0.77619048 0.8        0.80952381],0.7982848115549537,[0.76975451 0.79075273 0.74524109 0.77534965 0.78292541],0.7728046762397908,[0.84892086 0.84410646 0.82909091 0.84558824 0.8540146 ],0.8443442140225704,[0.79641728 0.79224942 0.76704545 0.78928571 0.80167771],0.7893351161536462,[0.76975451 0.79075273 0.74524109 0.77534965 0.78292541],0.7728046762397908,[0.8871308  0.90830032 0.84307663 0.88296426 0.88743201],0.8817808033432731
