,cv-accuracy-raw,cv-accuracy-mean,cv-balanced-accuracy-raw,cv-balanced-accuracy-mean,cv-f1-raw,cv-f1-mean,cv-precision-raw,cv-precision-mean,cv-recall-raw,cv-recall-mean,cv-auc-raw,cv-auc-mean
0,[0.72727273 0.75454545 0.78181818 0.8        0.78995434],0.7707181403071813,[0.72725019 0.75469047 0.7820481  0.79990082 0.78991491],0.7707608985131921,[0.72477064 0.75675676 0.78571429 0.7962963  0.78703704],0.7701150036012423,[0.72725019 0.75485899 0.7826087  0.80009925 0.78991491],0.7709464059859225,[0.72725019 0.75469047 0.7820481  0.79990082 0.78991491],0.7707608985131921,[0.82626663 0.83626746 0.84899578 0.87899826 0.86628295],0.8513622184876007
