,cv-accuracy-raw,cv-accuracy-mean,cv-balanced-accuracy-raw,cv-balanced-accuracy-mean,cv-f1-raw,cv-f1-mean,cv-precision-raw,cv-precision-mean,cv-recall-raw,cv-recall-mean,cv-auc-raw,cv-auc-mean
0,[0.74545455 0.76818182 0.78636364 0.8        0.79908676],0.7798173515981734,[0.74543351 0.76836929 0.78671791 0.79998347 0.79904905],0.7799106445895437,[0.74311927 0.77130045 0.79295154 0.79816514 0.7962963 ],0.780366538049347,[0.74543351 0.76870242 0.78821868 0.79998347 0.79904905],0.780277423875704,[0.74543351 0.76836929 0.78671791 0.79998347 0.79904905],0.7799106445895437,[0.82593603 0.8411439  0.85412018 0.88007273 0.86928595],0.8541117570169557
