,cv-accuracy-raw,cv-accuracy-mean,cv-balanced-accuracy-raw,cv-balanced-accuracy-mean,cv-f1-raw,cv-f1-mean,cv-precision-raw,cv-precision-mean,cv-recall-raw,cv-recall-mean,cv-auc-raw,cv-auc-mean
0,[0.73181818 0.75454545 0.78181818 0.8        0.78995434],0.7716272312162723,[0.73183734 0.75469047 0.7820481  0.79990082 0.78991491],0.7716783297058527,[0.73059361 0.75675676 0.78571429 0.7962963  0.78703704],0.7712795966220625,[0.73181818 0.75485899 0.7826087  0.80009925 0.78991491],0.7718600051564024,[0.73183734 0.75469047 0.7820481  0.79990082 0.78991491],0.7716783297058527,[0.82626663 0.83618481 0.84874783 0.87891561 0.8660327 ],0.8512295169787525
