,cv-accuracy-raw,cv-accuracy-mean,cv-balanced-accuracy-raw,cv-balanced-accuracy-mean,cv-f1-raw,cv-f1-mean,cv-precision-raw,cv-precision-mean,cv-recall-raw,cv-recall-mean,cv-auc-raw,cv-auc-mean
0,[0.90434783 0.86086957 0.92982456 0.92105263 0.87719298],0.8986575133485888,[0.72509004 0.67527011 0.80229592 0.78380837 0.61249242],0.7197913701563099,[0.94581281 0.92       0.96       0.95477387 0.93203883],0.9425251024359926,[0.85714286 0.72021116 0.8872549  0.88235294 0.84036697],0.8374657668289617,[0.72509004 0.67527011 0.80229592 0.78380837 0.61249242],0.7197913701563099,[0.84153661 0.84633854 0.92602041 0.86173438 0.82352941],0.8598318708926869
