,cv-accuracy-raw,cv-accuracy-mean,cv-balanced-accuracy-raw,cv-balanced-accuracy-mean,cv-f1-raw,cv-f1-mean,cv-precision-raw,cv-precision-mean,cv-recall-raw,cv-recall-mean,cv-auc-raw,cv-auc-mean
0,[0.90434783 0.85217391 0.9122807  0.89473684 0.87719298],0.8881464530892448,[0.72509004 0.64585834 0.73979592 0.7198302  0.61249242],0.688613383497729,[0.94581281 0.91542289 0.95049505 0.94       0.93203883],0.9367539155820639,[0.85714286 0.69660194 0.86153846 0.81994704 0.84036697],0.815119455230794,[0.72509004 0.64585834 0.73979592 0.7198302  0.61249242],0.688613383497729,[0.84813926 0.8457383  0.92410714 0.85506367 0.82049727],0.8587091279810893
