,cv-accuracy-raw,cv-accuracy-mean,cv-balanced-accuracy-raw,cv-balanced-accuracy-mean,cv-f1-raw,cv-f1-mean,cv-precision-raw,cv-precision-mean,cv-recall-raw,cv-recall-mean,cv-auc-raw,cv-auc-mean
0,[0.78994083 0.79289941 0.80177515 0.82248521 0.80712166],0.802844450687409,[0.77146577 0.78147321 0.78556548 0.80528274 0.78999701],0.786756842390066,[0.83372365 0.83253589 0.84235294 0.85981308 0.84705882],0.8430968774762562,[0.77790684 0.77980769 0.79026281 0.81368502 0.79683196],0.7916988634030332,[0.77146577 0.78147321 0.78556548 0.80528274 0.78999701],0.786756842390066,[0.8610119  0.8953869  0.87451637 0.8953497  0.88015849],0.8812846747550696
