,cv-accuracy-raw,cv-accuracy-mean,cv-balanced-accuracy-raw,cv-balanced-accuracy-mean,cv-f1-raw,cv-f1-mean,cv-precision-raw,cv-precision-mean,cv-recall-raw,cv-recall-mean,cv-auc-raw,cv-auc-mean
0,[0.78994083 0.80177515 0.80769231 0.81952663 0.81305638],0.8063982582129124,[0.76994048 0.79319196 0.79032738 0.80290179 0.79326779],0.7899258800410116,[0.83449883 0.83855422 0.84777518 0.85714286 0.85314685],0.8462235874600086,[0.7784237  0.7890519  0.79721598 0.81008874 0.80479798],0.7959156589647697,[0.76994048 0.79319196 0.79032738 0.80290179 0.79326779],0.7899258800410116,[0.86476935 0.89642857 0.87771577 0.89787946 0.88135467],0.883629563966735
