,cv-accuracy-raw,cv-accuracy-mean,cv-balanced-accuracy-raw,cv-balanced-accuracy-mean,cv-f1-raw,cv-f1-mean,cv-precision-raw,cv-precision-mean,cv-recall-raw,cv-recall-mean,cv-auc-raw,cv-auc-mean
0,[0.78106509 0.79881657 0.79881657 0.82544379 0.80118694],0.8010657910908995,[0.75822173 0.78776042 0.77555804 0.80766369 0.77764279],0.781369332421964,[0.8287037  0.83732057 0.84331797 0.86247086 0.84526559],0.843415740320405,[0.76953246 0.78605769 0.79006109 0.81733241 0.7934379 ],0.7912843107035581,[0.75822173 0.78776042 0.77555804 0.80766369 0.77764279],0.781369332421964,[0.86941964 0.89274554 0.88061756 0.90725446 0.87952303],0.8859120457393483
