,model-name,cv-accuracy-raw,cv-accuracy-mean,cv-balanced-accuracy-raw,cv-balanced-accuracy-mean,cv-f1-raw,cv-f1-mean,cv-precision-raw,cv-precision-mean,cv-recall-raw,cv-recall-mean,cv-auc-raw,cv-auc-mean
0,dt,[0.90858209 0.91775701],0.9131695494490166,[0.64032258 0.69128788],0.66580522971652,[0.34666667 0.43589744],0.3912820512820513,[0.65876818 0.70054538],0.6796567777290913,[0.64032258 0.69128788],0.66580522971652,[0.64032258 0.69128788],0.66580522971652
1,rf,[0.94402985 0.94579439],0.9449121216348166,[0.67096774 0.6719697 ],0.6714687194525903,[0.48275862 0.49122807],0.4869933454325469,[0.86379236 0.88666818],0.8752302722890959,[0.67096774 0.6719697 ],0.6714687194525903,[0.8750756 0.8310101],0.8530428529244054
2,log-reg,[0.93843284 0.94579439],0.94211361417213,[0.61048387 0.6489899 ],0.6297368849788205,[0.35294118 0.45283019],0.40288568257491675,[0.8795671  0.93471854],0.9071428188669568,[0.61048387 0.6489899 ],0.6297368849788205,[0.8530746  0.87636364],0.864719116568915
3,gb,[0.93656716 0.9364486 ],0.9365078811549727,[0.64395161 0.67840909],0.6611803519061583,[0.4137931 0.46875  ],0.4412715517241379,[0.80630631 0.78803816],0.7971722333879868,[0.64395161 0.67840909],0.6611803519061583,[0.65206653 0.86171717],0.7568918519876181
4,mlp,[0.91791045 0.94953271],0.9337215790207839,[0.65685484 0.6969697 ],0.6769122678396873,[0.38888889 0.54237288],0.4656308851224105,[0.69295635 0.89779682],0.7953765834159041,[0.65685484 0.6969697 ],0.6769122678396873,[0.80851815 0.87777778],0.8431479614695341
5,svm,[0.93656716 0.93831776],0.9374424605942251,[0.575     0.6104798],0.592739898989899,[0.26086957 0.35294118],0.3069053708439898,[0.96792453 0.87951076],0.92371764236052,[0.575     0.6104798],0.592739898989899,[0.86350806 0.8430303 ],0.853269183773216
6,xgb,[0.94216418 0.95140187],0.946783024131678,[0.71592742 0.7209596 ],0.7184435076572173,[0.53731343 0.58064516],0.5589792970630718,[0.81172233 0.88764841],0.8496853726664502,[0.71592742 0.7209596 ],0.7184435076572173,[0.85385585 0.84762626],0.8507410547002281
