,cv-accuracy-raw,cv-accuracy-mean,cv-balanced-accuracy-raw,cv-balanced-accuracy-mean,cv-f1-raw,cv-f1-mean,cv-precision-raw,cv-precision-mean,cv-recall-raw,cv-recall-mean,cv-auc-raw,cv-auc-mean
0,[0.92741935 0.9516129  0.92741935 0.93495935 0.95121951],0.9385260949383687,[0.72874618 0.8        0.75749235 0.77653997 0.78571429],0.7696985583224116,[0.60869565 0.75       0.64       0.66666667 0.72727273],0.6785270092226613,[0.90301724 0.97391304 0.86929825 0.87345133 0.97391304],0.9187185802766991,[0.72874618 0.8        0.75749235 0.77653997 0.78571429],0.7696985583224116,[0.8146789  0.90152905 0.77675841 0.89449541 0.88925295],0.8553429445172565
