,cv-accuracy-raw,cv-accuracy-mean,cv-balanced-accuracy-raw,cv-balanced-accuracy-mean,cv-f1-raw,cv-f1-mean,cv-precision-raw,cv-precision-mean,cv-recall-raw,cv-recall-mean,cv-auc-raw,cv-auc-mean
0,[0.91935484 0.95967742 0.92741935 0.93495935 0.95121951],0.9385260949383687,[0.69541284 0.83333333 0.75749235 0.77653997 0.78571429],0.7696985583224116,[0.54545455 0.8        0.64       0.66666667 0.72727273],0.675878787878788,[0.89010989 0.97807018 0.86929825 0.87345133 0.97391304],0.9169685364148823,[0.69541284 0.83333333 0.75749235 0.77653997 0.78571429],0.7696985583224116,[0.84342508 0.89724771 0.77614679 0.88990826 0.88401048],0.8581476627348188
