,cv-accuracy-raw,cv-accuracy-mean,cv-balanced-accuracy-raw,cv-balanced-accuracy-mean,cv-f1-raw,cv-f1-mean,cv-precision-raw,cv-precision-mean,cv-recall-raw,cv-recall-mean,cv-auc-raw,cv-auc-mean
0,[0.93023256 0.93925234 0.96728972 0.94859813 0.95327103],0.9477287546185613,[0.64619975 0.62247475 0.80997475 0.68497475 0.6875    ],0.6902247982335922,[0.4        0.38095238 0.74074074 0.52173913 0.54545455],0.5177773595164898,[0.75107875 0.87129187 0.93976713 0.90441684 0.97596154],0.8885032243527121,[0.64619975 0.62247475 0.80997475 0.68497475 0.6875    ],0.6902247982335922,[0.84327889 0.87436869 0.95580808 0.90530303 0.91508838],0.8987694152581087
