,cv-accuracy-raw,cv-accuracy-mean,cv-balanced-accuracy-raw,cv-balanced-accuracy-mean,cv-f1-raw,cv-f1-mean,cv-precision-raw,cv-precision-mean,cv-recall-raw,cv-recall-mean,cv-auc-raw,cv-auc-mean
0,[0.93953488 0.93925234 0.96728972 0.94392523 0.95327103],0.9486546402955879,[0.67996231 0.62247475 0.80997475 0.68244949 0.6875    ],0.6964722602913558,[0.48       0.38095238 0.74074074 0.5        0.54545455],0.5294295334295334,[0.80906149 0.87129187 0.93976713 0.85072816 0.97596154],0.8893620355850986,[0.67996231 0.62247475 0.80997475 0.68244949 0.6875    ],0.6964722602913558,[0.85144472 0.8677399  0.94602273 0.89993687 0.90593434],0.8942157124003858
