,model-name,cv-accuracy-raw,cv-accuracy-mean,cv-balanced-accuracy-raw,cv-balanced-accuracy-mean,cv-f1-raw,cv-f1-mean,cv-precision-raw,cv-precision-mean,cv-recall-raw,cv-recall-mean,cv-auc-raw,cv-auc-mean
0,dt,[0.72486772 0.71428571],0.7195767195767195,[0.63721224 0.67167322],0.6544427288040426,[0.81428571 0.79545455],0.8048701298701298,[0.6486014  0.65532131],0.6519613546220099,[0.63721224 0.67167322],0.6544427288040426,[0.63721224 0.67167322],0.6544427288040426
1,rf,[0.75661376 0.75132275],0.753968253968254,[0.63524705 0.65546042],0.6453537338573836,[0.84353741 0.83508772],0.839312567132116,[0.69177946 0.68251483],0.6871471452519009,[0.63524705 0.65546042],0.6453537338573836,[0.7924621  0.76930095],0.7808815272318921
2,log-reg,[0.76719577 0.7989418 ],0.783068783068783,[0.63658057 0.69427288],0.6654267265581134,[0.85234899 0.86986301],0.8611060034936103,[0.71583851 0.7626186 ],0.7392285525710987,[0.63658057 0.69427288],0.6654267265581134,[0.76740595 0.79211117],0.7797585626052779
3,gb,[0.77248677 0.76719577],0.7698412698412698,[0.67602471 0.67237507],0.6741998877035373,[0.85017422 0.84615385],0.8481640310908605,[0.71435897 0.70604027],0.7101996214076751,[0.67602471 0.67237507],0.6741998877035373,[0.78705783 0.77182762],0.7794427288040426
4,mlp,[0.72486772 0.72486772],0.7248677248677249,[0.5 0.5],0.5,[0.8404908 0.8404908],0.8404907975460123,[0.36243386 0.36243386],0.36243386243386244,[0.5 0.5],0.5,[0.63573835 0.5204941 ],0.5781162268388547
5,svm,[0.75661376 0.74074074],0.7486772486772486,[0.59348681 0.64816115],0.6208239752947782,[0.85064935 0.82685512],0.8387522371621312,[0.71637427 0.66812679],0.6922505304889067,[0.59348681 0.64816115],0.6208239752947782,[0.81064009 0.74550814],0.7780741156653566
6,xgb,[0.75132275 0.75661376],0.753968253968254,[0.66739191 0.6770073 ],0.6721996069623807,[0.83274021 0.83571429],0.8342272496187086,[0.68402778 0.6916996 ],0.6878636912604303,[0.66739191 0.6770073 ],0.6721996069623807,[0.75021056 0.75112296],0.7506667602470523
