,model-name,cv-accuracy-raw,cv-accuracy-mean,cv-balanced-accuracy-raw,cv-balanced-accuracy-mean,cv-f1-raw,cv-f1-mean,cv-precision-raw,cv-precision-mean,cv-recall-raw,cv-recall-mean,cv-auc-raw,cv-auc-mean
0,dt,[0.93055556 0.88888889],0.9097222222222222,[0.77761194 0.57014925],0.6738805970149253,[0.96240602 0.94029851],0.9513522612501402,[0.73484848 0.57014925],0.6524988692899141,[0.77761194 0.57014925],0.6738805970149253,[0.77761194 0.57014925],0.6738805970149253
1,rf,[0.94444444 0.93055556],0.9375,[0.6 0.5],0.55,[0.97101449 0.96402878],0.9675216348660202,[0.97183099 0.46527778],0.7185543818466353,[0.6 0.5],0.55,[0.65970149 0.51940299],0.5895522388059702
2,log-reg,[0.93055556 0.93055556],0.9305555555555556,[0.68507463 0.5       ],0.5925373134328358,[0.96296296 0.96402878],0.9634958699706901,[0.72794118 0.46527778],0.596609477124183,[0.68507463 0.5       ],0.5925373134328358,[0.5880597  0.68656716],0.6373134328358209
3,gb,[0.91666667 0.94444444],0.9305555555555556,[0.58507463 0.6       ],0.5925373134328358,[0.95588235 0.97101449],0.9634484228473997,[0.63768116 0.97183099],0.8047560726678914,[0.58507463 0.6       ],0.5925373134328358,[0.42089552 0.6358209 ],0.5283582089552239
4,mlp,[0.93055556 0.93055556],0.9305555555555556,[0.5 0.5],0.5,[0.96402878 0.96402878],0.9640287769784173,[0.46527778 0.46527778],0.4652777777777778,[0.5 0.5],0.5,[0.73731343 0.3880597 ],0.5626865671641791
5,svm,[0.93055556 0.93055556],0.9305555555555556,[0.5 0.5],0.5,[0.96402878 0.96402878],0.9640287769784173,[0.46527778 0.46527778],0.4652777777777778,[0.5 0.5],0.5,[0.72238806 0.59701493],0.6597014925373135
6,xgb,[0.93055556 0.94444444],0.9375,[0.59253731 0.6       ],0.5962686567164179,[0.96350365 0.97101449],0.9672590711943297,[0.72142857 0.97183099],0.8466297786720323,[0.59253731 0.6       ],0.5962686567164179,[0.75970149 0.8358209 ],0.7977611940298508
