,model-name,cv-accuracy-raw,cv-accuracy-mean,cv-balanced-accuracy-raw,cv-balanced-accuracy-mean,cv-f1-raw,cv-f1-mean,cv-precision-raw,cv-precision-mean,cv-recall-raw,cv-recall-mean,cv-auc-raw,cv-auc-mean
0,dt,[0.665 0.625],0.645,[0.66346154 0.62030075],0.6418811451706188,[0.68544601 0.66666667],0.676056338028169,[0.66453271 0.625     ],0.6447663574957153,[0.66346154 0.62030075],0.6418811451706188,[0.66346154 0.62030075],0.641881145170619
1,rf,[0.68 0.67],0.675,[0.67908654 0.66817043],0.6736284822633507,[0.6952381  0.69158879],0.6934134401424121,[0.67944601 0.66911987],0.6742829382874831,[0.67908654 0.66817043],0.6736284822633507,[0.7568109  0.75463659],0.7557237444572971
2,log-reg,[0.705 0.76 ],0.7324999999999999,[0.70392628 0.75639098],0.7301586297474456,[0.72037915 0.78378378],0.7520814653516075,[0.70460255 0.76336114],0.7339818446811992,[0.70392628 0.75639098],0.7301586297474456,[0.78766026 0.81273183],0.8001960429920956
3,gb,[0.65  0.735],0.6925,[0.64863782 0.7320802 ],0.6903590105070367,[0.66981132 0.75799087],0.7139010941673128,[0.64935588 0.73612811],0.6927419942959296,[0.64863782 0.7320802 ],0.6903590105070367,[0.74048478 0.78180451],0.7611446434596105
4,mlp,[0.565 0.565],0.565,[0.546875   0.54210526],0.5444901315789474,[0.70508475 0.70707071],0.7060777264167095,[0.77225131 0.7734375 ],0.7728444044502618,[0.546875   0.54210526],0.5444901315789474,[0.64393029 0.59508772],0.619509003879892
5,svm,[0.69 0.7 ],0.695,[0.68709936 0.69924812],0.6931737396375555,[0.71818182 0.71428571],0.7162337662337662,[0.69170772 0.69924812],0.6954779189352692,[0.68709936 0.69924812],0.6931737396375555,[0.76923077 0.77854637],0.7738885675727781
6,xgb,[0.675 0.7  ],0.6875,[0.67307692 0.69674185],0.6849093888567572,[0.69767442 0.72727273],0.7124735729386893,[0.67491649 0.70076726],0.6878418764751706,[0.67307692 0.69674185],0.6849093888567572,[0.72646234 0.7439599 ],0.7352111197464816
