,model-name,cv-accuracy-raw,cv-accuracy-mean,cv-balanced-accuracy-raw,cv-balanced-accuracy-mean,cv-f1-raw,cv-f1-mean,cv-precision-raw,cv-precision-mean,cv-recall-raw,cv-recall-mean,cv-auc-raw,cv-auc-mean
0,dt,[0.94405594 0.96503497],0.9545454545454546,[0.83508403 0.76113161],0.7981078224647793,[0.55555556 0.61538462],0.5854700854700854,[0.71969697 0.85090909],0.7853030303030303,[0.83508403 0.76113161],0.7981078224647793,[0.83508403 0.76113161],0.7981078224647793
1,rf,[0.96503497 0.95804196],0.9615384615384615,[0.71060924 0.63148831],0.6710487792903139,[0.54545455 0.4       ],0.4727272727272727,[0.86061151 0.88042705],0.8705192785273561,[0.71060924 0.63148831],0.6710487792903139,[0.92502626 0.83603936],0.8805328104489027
2,log-reg,[0.96503497 0.94755245],0.9562937062937062,[0.64285714 0.53148831],0.5871727288701458,[0.44444444 0.11764706],0.28104575163398693,[0.9822695  0.72535211],0.8538108081110778,[0.64285714 0.53148831],0.5871727288701458,[0.91307773 0.88560886],0.8993432935904989
3,gb,[0.8951049  0.95804196],0.9265734265734266,[0.84322479 0.63148831],0.7373565523995576,[0.42307692 0.4       ],0.4115384615384615,[0.63868846 0.88042705],0.7595577506359171,[0.84322479 0.63148831],0.7373565523995576,[0.84414391 0.79594096],0.8200424334863096
4,mlp,[0.97552448 0.97552448],0.9755244755244755,[0.78387605 0.79815498],0.7910155159849918,[0.69565217 0.72      ],0.7078260869565218,[0.93361412 0.93913043],0.9363722771586529,[0.78387605 0.79815498],0.7910155159849918,[0.95430672 0.9102091 ],0.9322579123900483
5,svm,[0.94755245 0.94755245],0.9475524475524476,[0.49816176 0.5       ],0.4990808823529412,[0. 0.],0.0,[0.4754386  0.47377622],0.4746074101337259,[0.49816176 0.5       ],0.4990808823529412,[0.89942227 0.86199262],0.8807074444168812
6,xgb,[0.96853147 0.95804196],0.9632867132867133,[0.81407563 0.72595326],0.770014444892348,[0.66666667 0.53846154],0.6025641025641026,[0.83699634 0.80363636],0.8203163503163503,[0.81407563 0.72595326],0.770014444892348,[0.92594538 0.85264453],0.8892949522982625
