,cv-accuracy-raw,cv-accuracy-mean,cv-balanced-accuracy-raw,cv-balanced-accuracy-mean,cv-f1-raw,cv-f1-mean,cv-precision-raw,cv-precision-mean,cv-recall-raw,cv-recall-mean,cv-auc-raw,cv-auc-mean
0,[0.78698225 0.79585799 0.79881657 0.80769231 0.80712166],0.7992941548294208,[0.76755952 0.78232887 0.78165923 0.79185268 0.79151092],0.7829822425381636,[0.8317757  0.83610451 0.84037559 0.84705882 0.8463357 ],0.8403300643564222,[0.77492355 0.78320334 0.78730267 0.79665343 0.79627308],0.7876712147572575,[0.76755952 0.78232887 0.78165923 0.79185268 0.79151092],0.7829822425381636,[0.85989583 0.89375    0.87380952 0.8891369  0.87888756],0.8790959643426748
