,cv-accuracy-raw,cv-accuracy-mean,cv-balanced-accuracy-raw,cv-balanced-accuracy-mean,cv-f1-raw,cv-f1-mean,cv-precision-raw,cv-precision-mean,cv-recall-raw,cv-recall-mean,cv-auc-raw,cv-auc-mean
0,[0.78994083 0.79881657 0.80473373 0.81656805 0.8189911 ],0.8058100539040964,[0.76841518 0.78928571 0.78794643 0.80052083 0.79956639],0.7891469084643428,[0.83526682 0.83653846 0.84507042 0.85446009 0.85780886],0.8458289314249903,[0.77903469 0.78596646 0.79371585 0.8065422  0.81134421],0.7953206815595053,[0.76841518 0.78928571 0.78794643 0.80052083 0.79956639],0.7891469084643428,[0.86462054 0.89561012 0.87749256 0.8936756  0.8812799 ],0.8825357427660059
