,model-name,cv-accuracy-raw,cv-accuracy-mean,cv-balanced-accuracy-raw,cv-balanced-accuracy-mean,cv-f1-raw,cv-f1-mean,cv-precision-raw,cv-precision-mean,cv-recall-raw,cv-recall-mean,cv-auc-raw,cv-auc-mean
0,dt,[0.95918367 0.9375    ],0.9483418367346939,[0.8        0.78837209],0.7941860465116279,[0.75       0.66666667],0.7083333333333333,[0.97826087 0.85227273],0.9152667984189724,[0.8        0.78837209],0.7941860465116279,[0.8        0.78837209],0.7941860465116279
1,rf,[0.91836735 0.89583333],0.9071003401360545,[0.6 0.5],0.55,[0.33333333 0.        ],0.16666666666666669,[0.95833333 0.44791667],0.703125,[0.6 0.5],0.55,[0.71136364 0.66511628],0.688239957716702
2,log-reg,[0.87755102 0.875     ],0.8762755102040816,[0.48863636 0.48837209],0.4885042283298097,[0. 0.],0.0,[0.44791667 0.44680851],0.44736258865248224,[0.48863636 0.48837209],0.4885042283298097,[0.46818182 0.41860465],0.44339323467230446
3,gb,[0.91836735 0.89583333],0.9071003401360545,[0.68863636 0.58837209],0.6385042283298097,[0.5        0.28571429],0.3928571428571429,[0.80072464 0.70652174],0.7536231884057971,[0.68863636 0.58837209],0.6385042283298097,[0.59545455 0.7       ],0.6477272727272727
4,mlp,[0.83673469 0.91666667],0.8767006802721089,[0.46590909 0.6       ],0.5329545454545455,[0.         0.33333333],0.16666666666666669,[0.44565217 0.95744681],0.7015494912118408,[0.46590909 0.6       ],0.5329545454545455,[0.53636364 0.44651163],0.49143763213530656
5,svm,[0.89795918 0.89583333],0.8968962585034014,[0.5 0.5],0.5,[0. 0.],0.0,[0.44897959 0.44791667],0.4484481292517007,[0.5 0.5],0.5,[0.67727273 0.64186047],0.6595665961945032
6,xgb,[0.91836735 0.89583333],0.9071003401360545,[0.6        0.58837209],0.5941860465116279,[0.33333333 0.28571429],0.30952380952380953,[0.95833333 0.70652174],0.832427536231884,[0.6        0.58837209],0.5941860465116279,[0.68181818 0.55813953],0.6199788583509513
