,model-name,cv-accuracy-raw,cv-accuracy-mean,cv-balanced-accuracy-raw,cv-balanced-accuracy-mean,cv-f1-raw,cv-f1-mean,cv-precision-raw,cv-precision-mean,cv-recall-raw,cv-recall-mean,cv-auc-raw,cv-auc-mean
0,dt,[0.89543726 0.92      ],0.9077186311787073,[0.72061727 0.7173913 ],0.7190042852327989,[0.44444444 0.48780488],0.46612466124661245,[0.67408815 0.72731959],0.7007038667627613,[0.72061727 0.7173913 ],0.7190042852327989,[0.72061727 0.7173913 ],0.7190042852327989
1,rf,[0.94106464 0.95047619],0.9457704146297302,[0.69249844 0.71221532],0.7023568780393856,[0.52307692 0.58064516],0.5518610421836228,[0.86056999 0.92623762],0.8934038046661809,[0.69249844 0.71221532],0.7023568780393856,[0.87250229 0.86766736],0.8700848219301202
2,log-reg,[0.9391635  0.93904762],0.9391055585732392,[0.6490924  0.62991718],0.6395047907939717,[0.44827586 0.40740741],0.4278416347381864,[0.90397913 0.92811891],0.9160490171395002,[0.6490924  0.62991718],0.6395047907939717,[0.83745005 0.86123435],0.8493421972766187
3,gb,[0.93155894 0.92571429],0.9286366105377513,[0.70850787 0.54658385],0.6275458616206846,[0.51351351 0.17021277],0.34186313973548016,[0.78220919 0.86346154],0.82283536356117,[0.70850787 0.54658385],0.6275458616206846,[0.79589773 0.51067238],0.6532850585465059
4,mlp,[0.9391635  0.95047619],0.9448198442875249,[0.68087053 0.72308489],0.7019777071597092,[0.5     0.59375],0.546875,[0.85421971 0.90895536],0.8815875332208029,[0.68087053 0.72308489],0.7019777071597092,[0.85608359 0.84935423],0.8527189102806609
5,svm,[0.93346008 0.93142857],0.9324443237370994,[0.59302326 0.57142857],0.5822259136212624,[0.31372549 0.25      ],0.2818627450980392,[0.96621622 0.96531792],0.9657670676456804,[0.59302326 0.57142857],0.5822259136212624,[0.80326448 0.85290348],0.8280839804745626
6,xgb,[0.93155894 0.94666667],0.9391128010139417,[0.71910058 0.72101449],0.7200575376763445,[0.52631579 0.57575758],0.55103668261563,[0.77970373 0.87287924],0.8262914862695778,[0.71910058 0.72101449],0.7200575376763445,[0.84520198 0.86478359],0.8549927891615021
