,model-name,cv-accuracy-raw,cv-accuracy-mean,cv-balanced-accuracy-raw,cv-balanced-accuracy-mean,cv-f1-raw,cv-f1-mean,cv-precision-raw,cv-precision-mean,cv-recall-raw,cv-recall-mean,cv-auc-raw,cv-auc-mean
0,dt,[0.9        0.95       0.94736842 0.89473684 0.89473684],0.9173684210526316,[0.5  0.75 0.75 0.5  0.5 ],0.6,[0.         0.66666667 0.66666667 0.         0.        ],0.26666666666666666,[0.45       0.97368421 0.97222222 0.44736842 0.44736842],0.6581286549707601,[0.5  0.75 0.75 0.5  0.5 ],0.6,[1.         0.75       0.70588235 0.64705882 0.70588235],0.7617647058823529
1,rf,[0.9        0.9        0.94736842 0.89473684 0.89473684],0.9073684210526316,[0.5  0.5  0.75 0.5  0.5 ],0.55,[0.         0.         0.66666667 0.         0.        ],0.13333333333333333,[0.45       0.45       0.97222222 0.44736842 0.44736842],0.553391812865497,[0.5  0.5  0.75 0.5  0.5 ],0.55,[0.77777778 0.69444444 0.70588235 0.94117647 0.85294118],0.7944444444444445
2,log-reg,[0.9        0.9        0.89473684 0.89473684 0.89473684],0.8968421052631579,[0.5 0.5 0.5 0.5 0.5],0.5,[0. 0. 0. 0. 0.],0.0,[0.45       0.45       0.44736842 0.44736842 0.44736842],0.44842105263157894,[0.5 0.5 0.5 0.5 0.5],0.5,[1.         0.22222222 0.14705882 0.44117647 0.5       ],0.4620915032679738
3,gb,[0.9        0.9        0.89473684 0.89473684 0.89473684],0.8968421052631579,[0.5 0.5 0.5 0.5 0.5],0.5,[0. 0. 0. 0. 0.],0.0,[0.45       0.45       0.44736842 0.44736842 0.44736842],0.44842105263157894,[0.5 0.5 0.5 0.5 0.5],0.5,[0.47222222 0.25       0.85294118 0.60294118 0.64705882],0.5650326797385621
4,mlp,[0.9        0.9        0.89473684 0.89473684 0.89473684],0.8968421052631579,[0.5 0.5 0.5 0.5 0.5],0.5,[0. 0. 0. 0. 0.],0.0,[0.45       0.45       0.44736842 0.44736842 0.44736842],0.44842105263157894,[0.5 0.5 0.5 0.5 0.5],0.5,[0.22222222 0.38888889 0.5        0.70588235 0.52941176],0.469281045751634
5,svm,[0.9        0.9        0.89473684 0.89473684 0.89473684],0.8968421052631579,[0.5 0.5 0.5 0.5 0.5],0.5,[0. 0. 0. 0. 0.],0.0,[0.45       0.45       0.44736842 0.44736842 0.44736842],0.44842105263157894,[0.5 0.5 0.5 0.5 0.5],0.5,[0.61111111 0.11111111 0.26470588 0.85294118 0.73529412],0.5150326797385621
6,xgb,[0.9        0.9        0.89473684 0.89473684 0.89473684],0.8968421052631579,[0.5 0.5 0.5 0.5 0.5],0.5,[0. 0. 0. 0. 0.],0.0,[0.45       0.45       0.44736842 0.44736842 0.44736842],0.44842105263157894,[0.5 0.5 0.5 0.5 0.5],0.5,[0.11111111 0.22222222 0.05882353 0.38235294 0.73529412],0.30196078431372547
