,model-name,cv-accuracy-raw,cv-accuracy-mean,cv-balanced-accuracy-raw,cv-balanced-accuracy-mean,cv-f1-raw,cv-f1-mean,cv-precision-raw,cv-precision-mean,cv-recall-raw,cv-recall-mean,cv-auc-raw,cv-auc-mean
0,dt,[0.97222222 0.98611111],0.9791666666666667,[0.49295775 0.5       ],0.4964788732394366,[0. 0.],0.0,[0.49295775 0.49305556],0.4930066510172144,[0.49295775 0.5       ],0.4964788732394366,[0.49295775 0.5       ],0.4964788732394366
1,rf,[0.98611111 0.98611111],0.9861111111111112,[0.5 0.5],0.5,[0. 0.],0.0,[0.49305556 0.49305556],0.4930555555555556,[0.5 0.5],0.5,[0.77464789 0.46478873],0.6197183098591549
2,log-reg,[0.98611111 0.98611111],0.9861111111111112,[0.5 0.5],0.5,[0. 0.],0.0,[0.49305556 0.49305556],0.4930555555555556,[0.5 0.5],0.5,[0. 0.],0.0
3,gb,[0.97222222 0.98611111],0.9791666666666667,[0.49295775 0.5       ],0.4964788732394366,[0. 0.],0.0,[0.49295775 0.49305556],0.4930066510172144,[0.49295775 0.5       ],0.4964788732394366,[0.49295775 0.5       ],0.4964788732394366
4,mlp,[0.98611111 0.98611111],0.9861111111111112,[0.5 0.5],0.5,[0. 0.],0.0,[0.49305556 0.49305556],0.4930555555555556,[0.5 0.5],0.5,[0.         0.21126761],0.10563380281690143
5,svm,[0.98611111 0.98611111],0.9861111111111112,[0.5 0.5],0.5,[0. 0.],0.0,[0.49305556 0.49305556],0.4930555555555556,[0.5 0.5],0.5,[0.97183099 0.88732394],0.9295774647887325
6,xgb,[0.98611111 0.98611111],0.9861111111111112,[0.5 0.5],0.5,[0. 0.],0.0,[0.49305556 0.49305556],0.4930555555555556,[0.5 0.5],0.5,[0.05633803 0.82394366],0.4401408450704225
