,cv-accuracy-raw,cv-accuracy-mean,cv-balanced-accuracy-raw,cv-balanced-accuracy-mean,cv-f1-raw,cv-f1-mean,cv-precision-raw,cv-precision-mean,cv-recall-raw,cv-recall-mean,cv-auc-raw,cv-auc-mean
0,[0.66666667 0.77777778 0.7752809  0.80898876 0.74157303],0.7540574282147315,[0.625      0.725      0.71581921 0.74943503 0.70677966],0.704406779661017,[0.5        0.62962963 0.61538462 0.66666667 0.61016949],0.6043700806412671,[0.625      0.75568182 0.75915875 0.80917367 0.71034483],0.7318718133863754,[0.625      0.725      0.71581921 0.74943503 0.70677966],0.704406779661017,[0.73666667 0.84388889 0.85480226 0.85084746 0.81129944],0.8195009416195858
