,cv-accuracy-raw,cv-accuracy-mean,cv-balanced-accuracy-raw,cv-balanced-accuracy-mean,cv-f1-raw,cv-f1-mean,cv-precision-raw,cv-precision-mean,cv-recall-raw,cv-recall-mean,cv-auc-raw,cv-auc-mean
0,[0.7        0.78888889 0.76404494 0.78651685 0.76404494],0.7606991260923845,[0.65833333 0.74166667 0.69915254 0.72429379 0.74830508],0.7143502824858757,[0.54237288 0.65454545 0.58823529 0.62745098 0.66666667],0.6158542554155715,[0.66110797 0.76769231 0.74684874 0.7780112  0.73782468],0.7382969795198872,[0.65833333 0.74166667 0.69915254 0.72429379 0.74830508],0.7143502824858757,[0.73055556 0.85166667 0.85988701 0.84350282 0.81129944],0.8193822975517892
