,cv-accuracy-raw,cv-accuracy-mean,cv-balanced-accuracy-raw,cv-balanced-accuracy-mean,cv-f1-raw,cv-f1-mean,cv-precision-raw,cv-precision-mean,cv-recall-raw,cv-recall-mean,cv-auc-raw,cv-auc-mean
0,[0.67777778 0.77777778 0.7752809  0.80898876 0.73033708],0.7540324594257178,[0.63333333 0.725      0.71581921 0.74943503 0.69830508],0.7043785310734464,[0.50847458 0.62962963 0.61538462 0.66666667 0.6       ],0.6040310975904196,[0.63566987 0.75568182 0.75915875 0.80917367 0.69830508],0.7315978388148949,[0.63333333 0.725      0.71581921 0.74943503 0.69830508],0.7043785310734464,[0.73722222 0.845      0.8559322  0.84971751 0.81129944],0.819834274952919
