,cv-accuracy-raw,cv-accuracy-mean,cv-balanced-accuracy-raw,cv-balanced-accuracy-mean,cv-f1-raw,cv-f1-mean,cv-precision-raw,cv-precision-mean,cv-recall-raw,cv-recall-mean,cv-auc-raw,cv-auc-mean
0,[0.87931034 0.87931034 0.87931034 0.9122807  0.9122807 ],0.8924984875983061,[0.5        0.56162465 0.56162465 0.64285714 0.64285714],0.5817927170868347,[0.93577982 0.93457944 0.93457944 0.95238095 0.95238095],0.9419401199560677,[0.43965517 0.69642857 0.69642857 0.95454545 0.95454545],0.748320644872369,[0.5        0.56162465 0.56162465 0.64285714 0.64285714],0.5817927170868347,[0.8907563  0.9047619  0.72829132 0.89142857 0.79142857],0.8413333333333334
