,cv-accuracy-raw,cv-accuracy-mean,cv-balanced-accuracy-raw,cv-balanced-accuracy-mean,cv-f1-raw,cv-f1-mean,cv-precision-raw,cv-precision-mean,cv-recall-raw,cv-recall-mean,cv-auc-raw,cv-auc-mean
0,[0.87931034 0.89655172 0.87931034 0.9122807  0.9122807 ],0.895946763460375,[0.5        0.63305322 0.56162465 0.64285714 0.64285714],0.5960784313725489,[0.93577982 0.94339623 0.93457944 0.95238095 0.95238095],0.9437034773886195,[0.43965517 0.78787879 0.69642857 0.95454545 0.95454545],0.7666106881624123,[0.5        0.63305322 0.56162465 0.64285714 0.64285714],0.5960784313725489,[0.89355742 0.90196078 0.7254902  0.88285714 0.87142857],0.8550588235294118
