,cv-accuracy-raw,cv-accuracy-mean,cv-balanced-accuracy-raw,cv-balanced-accuracy-mean,cv-f1-raw,cv-f1-mean,cv-precision-raw,cv-precision-mean,cv-recall-raw,cv-recall-mean,cv-auc-raw,cv-auc-mean
0,[0.96551724 0.93103448 0.93103448 0.93103448 0.92857143],0.9374384236453202,[0.75 0.5  0.5  0.5  0.5 ],0.55,[0.98181818 0.96428571 0.96428571 0.96428571 0.96296296],0.9675276575276575,[0.98214286 0.46551724 0.46551724 0.46551724 0.46428571],0.5685960591133006,[0.75 0.5  0.5  0.5  0.5 ],0.55,[0.72222222 0.77777778 0.05555556 1.         0.76923077],0.6649572649572649
