,cv-accuracy-raw,cv-accuracy-mean,cv-balanced-accuracy-raw,cv-balanced-accuracy-mean,cv-f1-raw,cv-f1-mean,cv-precision-raw,cv-precision-mean,cv-recall-raw,cv-recall-mean,cv-auc-raw,cv-auc-mean
0,[0.725  0.725  0.7375 0.7625 0.725 ],0.7350000000000001,[0.72482802 0.72180451 0.73245614 0.7575188  0.72431078],0.7321836486149709,[0.73170732 0.75       0.76923077 0.79120879 0.73809524],0.7560484231215938,[0.72482802 0.72634271 0.74423963 0.77057275 0.72431078],0.7380587764028542,[0.72482802 0.72180451 0.73245614 0.7575188  0.72431078],0.7321836486149709,[0.83677298 0.78884712 0.76942356 0.8358396  0.85651629],0.8174799099060974
