,cv-accuracy-raw,cv-accuracy-mean,cv-balanced-accuracy-raw,cv-balanced-accuracy-mean,cv-f1-raw,cv-f1-mean,cv-precision-raw,cv-precision-mean,cv-recall-raw,cv-recall-mean,cv-auc-raw,cv-auc-mean
0,[0.725  0.7125 0.7375 0.7375 0.8   ],0.7424999999999999,[0.72545341 0.70989975 0.73120301 0.73370927 0.79949875],0.7399528370645186,[0.725      0.73563218 0.77419355 0.76404494 0.80952381],0.7616788971278353,[0.72545341 0.71269841 0.7494929  0.74049001 0.79949875],0.7455266950003582,[0.72545341 0.70989975 0.73120301 0.73370927 0.79949875],0.7399528370645186,[0.83802376 0.80075188 0.77819549 0.83082707 0.85964912],0.8214894647500554
