,cv-accuracy-raw,cv-accuracy-mean,cv-balanced-accuracy-raw,cv-balanced-accuracy-mean,cv-f1-raw,cv-f1-mean,cv-precision-raw,cv-precision-mean,cv-recall-raw,cv-recall-mean,cv-auc-raw,cv-auc-mean
0,[0.81578947 0.85526316 0.72368421 0.84       0.81333333],0.8096140350877192,[0.76969697 0.73809524 0.61774892 0.74338624 0.71363636],0.7165127465127463,[0.87272727 0.90909091 0.8173913  0.89655172 0.87931034],0.875014311026305,[0.76969697 0.91666667 0.64166667 0.84243176 0.77517564],0.7891275417690012,[0.76969697 0.73809524 0.61774892 0.74338624 0.71363636],0.7165127465127463,[0.84588745 0.85714286 0.75411255 0.87654321 0.80909091],0.8285553952220619
