,cv-accuracy-raw,cv-accuracy-mean,cv-balanced-accuracy-raw,cv-balanced-accuracy-mean,cv-f1-raw,cv-f1-mean,cv-precision-raw,cv-precision-mean,cv-recall-raw,cv-recall-mean,cv-auc-raw,cv-auc-mean
0,[0.78947368 0.84210526 0.72368421 0.84       0.81333333],0.8017192982456139,[0.75151515 0.71428571 0.64718615 0.74338624 0.71363636],0.7140019240019241,[0.85185185 0.90163934 0.81081081 0.89655172 0.87931034],0.8680328151780949,[0.73831009 0.91044776 0.65178571 0.84243176 0.77517564],0.7836301943064695,[0.75151515 0.71428571 0.64718615 0.74338624 0.71363636],0.7140019240019241,[0.83722944 0.85541126 0.76536797 0.88271605 0.81454545],0.8310540323873659
