,cv-accuracy-raw,cv-accuracy-mean,cv-balanced-accuracy-raw,cv-balanced-accuracy-mean,cv-f1-raw,cv-f1-mean,cv-precision-raw,cv-precision-mean,cv-recall-raw,cv-recall-mean,cv-auc-raw,cv-auc-mean
0,[0.80263158 0.85526316 0.72368421 0.84       0.81333333],0.8069824561403509,[0.76060606 0.73809524 0.61774892 0.74338624 0.71363636],0.7146945646945646,[0.86238532 0.90909091 0.8173913  0.89655172 0.87931034],0.8729459207010339,[0.753367   0.91666667 0.64166667 0.84243176 0.77517564],0.785861548503008,[0.76060606 0.73809524 0.61774892 0.74338624 0.71363636],0.7146945646945646,[0.84675325 0.85541126 0.75411255 0.86948854 0.80909091],0.8269713003046337
