,cv-accuracy-raw,cv-accuracy-mean,cv-balanced-accuracy-raw,cv-balanced-accuracy-mean,cv-f1-raw,cv-f1-mean,cv-precision-raw,cv-precision-mean,cv-recall-raw,cv-recall-mean,cv-auc-raw,cv-auc-mean
0,[0.95       0.95       0.94736842 0.94736842 0.89473684],0.9378947368421052,[0.75 0.75 0.75 0.75 0.5 ],0.7,[0.66666667 0.66666667 0.66666667 0.66666667 0.        ],0.5333333333333333,[0.97368421 0.97368421 0.97222222 0.97222222 0.44736842],0.8678362573099415,[0.75 0.75 0.75 0.75 0.5 ],0.7,[0.97222222 0.58333333 0.79411765 0.82352941 0.85294118],0.8052287581699344
