,cv-accuracy-raw,cv-accuracy-mean,cv-balanced-accuracy-raw,cv-balanced-accuracy-mean,cv-f1-raw,cv-f1-mean,cv-precision-raw,cv-precision-mean,cv-recall-raw,cv-recall-mean,cv-auc-raw,cv-auc-mean
0,[0.95       0.9        0.94736842 0.89473684 0.89473684],0.9173684210526316,[0.75 0.5  0.75 0.5  0.5 ],0.6,[0.66666667 0.         0.66666667 0.         0.        ],0.26666666666666666,[0.97368421 0.45       0.97222222 0.44736842 0.44736842],0.6581286549707601,[0.75 0.5  0.75 0.5  0.5 ],0.6,[0.91666667 0.58333333 0.79411765 0.73529412 0.85294118],0.7764705882352941
