,cv-accuracy-raw,cv-accuracy-mean,cv-balanced-accuracy-raw,cv-balanced-accuracy-mean,cv-f1-raw,cv-f1-mean,cv-precision-raw,cv-precision-mean,cv-recall-raw,cv-recall-mean,cv-auc-raw,cv-auc-mean
0,[0.93364929 0.96666667 0.95238095 0.94285714 0.95238095],0.9495870006770482,[0.66873863 0.79411765 0.73270344 0.70070101 0.70588235],0.720428615867051,[0.46153846 0.74074074 0.61538462 0.53846154 0.58333333],0.5878917378917379,[0.80610561 0.9825     0.92205638 0.86401327 0.97536946],0.9100089440860856,[0.66873863 0.79411765 0.73270344 0.70070101 0.70588235],0.720428615867051,[0.86961795 0.91862237 0.88448644 0.84943615 0.87259982],0.8789525446415947
