,cv-accuracy-raw,cv-accuracy-mean,cv-balanced-accuracy-raw,cv-balanced-accuracy-mean,cv-f1-raw,cv-f1-mean,cv-precision-raw,cv-precision-mean,cv-recall-raw,cv-recall-mean,cv-auc-raw,cv-auc-mean
0,[0.93838863 0.94761905 0.95714286 0.94285714 0.95714286],0.9486301060708644,[0.69815039 0.70329168 0.73529412 0.7275221  0.73529412],0.7199104811520249,[0.51851852 0.56       0.64       0.57142857 0.64      ],0.5859894179894181,[0.82512438 0.91274752 0.97772277 0.8410233  0.97772277],0.9068681491452228,[0.69815039 0.70329168 0.73529412 0.7275221  0.73529412],0.7199104811520249,[0.8750758  0.92380372 0.87930509 0.86040841 0.87778116],0.8832748376312225
