,cv-accuracy-raw,cv-accuracy-mean,cv-balanced-accuracy-raw,cv-balanced-accuracy-mean,cv-f1-raw,cv-f1-mean,cv-precision-raw,cv-precision-mean,cv-recall-raw,cv-recall-mean,cv-auc-raw,cv-auc-mean
0,[0.94970414 0.94970414 0.9408284  0.94378698 0.94362018],0.9455287693361193,[0.74675325 0.75480719 0.73542083 0.73704949 0.74348534],0.7435032184375465,[0.63829787 0.65306122 0.6        0.6122449  0.6122449 ],0.6231697785497179,[0.91781198 0.92100694 0.86965847 0.89166667 0.87115194],0.894259200872446,[0.74675325 0.75480719 0.73542083 0.73704949 0.74348534],0.7435032184375465,[0.87229437 0.88662394 0.86287696 0.89618577 0.87144408],0.8778850241559079
