,cv-accuracy-raw,cv-accuracy-mean,cv-balanced-accuracy-raw,cv-balanced-accuracy-mean,cv-f1-raw,cv-f1-mean,cv-precision-raw,cv-precision-mean,cv-recall-raw,cv-recall-mean,cv-auc-raw,cv-auc-mean
0,[0.93786982 0.94674556 0.9408284  0.9408284  0.94658754],0.9425719452882202,[0.72521645 0.75317852 0.73542083 0.73542083 0.74511401],0.7388701262311643,[0.57142857 0.64       0.6        0.6        0.625     ],0.6072857142857143,[0.84334268 0.89754166 0.86965847 0.86965847 0.89315569],0.8746713963592366,[0.72521645 0.75317852 0.73542083 0.73542083 0.74511401],0.7388701262311643,[0.87002165 0.88588841 0.86235158 0.8956604  0.87198697],0.877181800896732
