,model-name,cv-accuracy-raw,cv-accuracy-mean,cv-balanced-accuracy-raw,cv-balanced-accuracy-mean,cv-f1-raw,cv-f1-mean,cv-precision-raw,cv-precision-mean,cv-recall-raw,cv-recall-mean,cv-auc-raw,cv-auc-mean
0,dt,[0.51020408 0.75      ],0.6301020408163265,[0.46428571 0.7394958 ],0.6018907563025211,[0.625  0.8125],0.71875,[0.46982759 0.71111111],0.5904693486590038,[0.46428571 0.7394958 ],0.6018907563025211,[0.46428571 0.7394958 ],0.601890756302521
1,rf,[0.65306122 0.70833333],0.6806972789115646,[0.52142857 0.64705882],0.5842436974789915,[0.77333333 0.79411765],0.7837254901960784,[0.52916667 0.64705882],0.5881127450980392,[0.52142857 0.64705882],0.5842436974789915,[0.58163265 0.68697479],0.6343037214885954
2,log-reg,[0.69387755 0.72916667],0.7115221088435374,[0.59285714 0.57773109],0.5852941176470587,[0.79452055 0.83116883],0.8128446895570184,[0.60885167 0.67209302],0.6404723489484812,[0.59285714 0.57773109],0.5852941176470587,[0.67142857 0.62394958],0.647689075630252
3,gb,[0.55102041 0.58333333],0.5671768707482994,[0.47142857 0.47478992],0.473109243697479,[0.67647059 0.71428571],0.6953781512605042,[0.47348485 0.47222222],0.47285353535353536,[0.47142857 0.47478992],0.473109243697479,[0.54693878 0.54411765],0.5455282112845138
4,mlp,[0.73469388 0.70833333],0.7215136054421769,[0.53571429 0.5       ],0.5178571428571428,[0.84337349 0.82926829],0.8363208933294153,[0.86458333 0.35416667],0.609375,[0.53571429 0.5       ],0.5178571428571428,[0.41428571 0.42226891],0.4182773109243697
5,svm,[0.69387755 0.70833333],0.7011054421768708,[0.52857143 0.5       ],0.5142857142857142,[0.81012658 0.82926829],0.8196974374807039,[0.56363636 0.35416667],0.4589015151515152,[0.52857143 0.5       ],0.5142857142857142,[0.64897959 0.65756303],0.6532713085234093
6,xgb,[0.67346939 0.58333333],0.6284013605442177,[0.55714286 0.47478992],0.5159663865546219,[0.78378378 0.71428571],0.7490347490347491,[0.57179487 0.47222222],0.5220085470085469,[0.55714286 0.47478992],0.5159663865546219,[0.5622449  0.58403361],0.573139255702281
