,cv-accuracy-raw,cv-accuracy-mean,cv-balanced-accuracy-raw,cv-balanced-accuracy-mean,cv-f1-raw,cv-f1-mean,cv-precision-raw,cv-precision-mean,cv-recall-raw,cv-recall-mean,cv-auc-raw,cv-auc-mean
0,[0.78994083 0.80473373 0.80769231 0.82248521 0.81305638],0.8075816901655752,[0.76994048 0.79404762 0.79185268 0.80680804 0.7962956 ],0.7917888827181591,[0.83449883 0.84210526 0.84705882 0.85915493 0.85176471],0.8469165113291917,[0.7784237  0.79230769 0.79665343 0.81295537 0.803279  ],0.7967238395507084,[0.76994048 0.79404762 0.79185268 0.80680804 0.7962956 ],0.7917888827181591,[0.8625744  0.89479167 0.87611607 0.89207589 0.87956041],0.8810236884825701
