,cv-accuracy-raw,cv-accuracy-mean,cv-balanced-accuracy-raw,cv-balanced-accuracy-mean,cv-f1-raw,cv-f1-mean,cv-precision-raw,cv-precision-mean,cv-recall-raw,cv-recall-mean,cv-auc-raw,cv-auc-mean
0,[0.78994083 0.80177515 0.80769231 0.82544379 0.8189911 ],0.8087686337857531,[0.76841518 0.79319196 0.79185268 0.80918899 0.8025942 ],0.7930486016176805,[0.83526682 0.83855422 0.84705882 0.8618267  0.85647059],0.8478354295740311,[0.77903469 0.7890519  0.79665343 0.81652512 0.80972605],0.7981982371923619,[0.76841518 0.79319196 0.79185268 0.80918899 0.8025942 ],0.7930486016176805,[0.86551339 0.89568452 0.8780506  0.89341518 0.88030801],0.8825943409660514
