,cv-accuracy-raw,cv-accuracy-mean,cv-balanced-accuracy-raw,cv-balanced-accuracy-mean,cv-f1-raw,cv-f1-mean,cv-precision-raw,cv-precision-mean,cv-recall-raw,cv-recall-mean,cv-auc-raw,cv-auc-mean
0,[0.93181818 0.93181818 0.92727273 0.92272727 0.93150685],0.9290286425902865,[0.70578231 0.75230769 0.68       0.72974359 0.72403846],0.7183744113029827,[0.57142857 0.63414634 0.52941176 0.58536585 0.59459459],0.5829894251701999,[0.92105263 0.87683824 0.96208531 0.84313725 0.89152353],0.8989273909701136,[0.70578231 0.75230769 0.68       0.72974359 0.72403846],0.7183744113029827,[0.8494898  0.87076923 0.82379487 0.89641026 0.88461538],0.8650159079016223
