,cv-accuracy-raw,cv-accuracy-mean,cv-balanced-accuracy-raw,cv-balanced-accuracy-mean,cv-f1-raw,cv-f1-mean,cv-precision-raw,cv-precision-mean,cv-recall-raw,cv-recall-mean,cv-auc-raw,cv-auc-mean
0,[0.93636364 0.93636364 0.92727273 0.92272727 0.93607306],0.9317600664176007,[0.72661565 0.75487179 0.68       0.72974359 0.74487179],0.7272205651491366,[0.61111111 0.65       0.52941176 0.58536585 0.63157895],0.6014935353687901,[0.92708333 0.90406504 0.96208531 0.84313725 0.89930314],0.9071348145662149,[0.72661565 0.75487179 0.68       0.72974359 0.74487179],0.7272205651491366,[0.85331633 0.87117949 0.81353846 0.88389744 0.88888889],0.8621641200069771
