,cv-accuracy-raw,cv-accuracy-mean,cv-balanced-accuracy-raw,cv-balanced-accuracy-mean,cv-f1-raw,cv-f1-mean,cv-precision-raw,cv-precision-mean,cv-recall-raw,cv-recall-mean,cv-auc-raw,cv-auc-mean
0,[0.96521739 0.9826087  0.97368421 0.95614035 0.96491228],0.968512585812357,[0.82415902 0.83333333 0.7        0.66203704 0.66666667],0.737239211688753,[0.66666667 0.8        0.57142857 0.44444444 0.5       ],0.5965079365079365,[0.82415902 0.99099099 0.98660714 0.81531532 0.98214286],0.9198430655426069,[0.82415902 0.83333333 0.7        0.66203704 0.66666667],0.737239211688753,[0.87155963 0.96024465 0.92844037 0.91358025 0.83487654],0.9017402876883001
