,cv-accuracy-raw,cv-accuracy-mean,cv-balanced-accuracy-raw,cv-balanced-accuracy-mean,cv-f1-raw,cv-f1-mean,cv-precision-raw,cv-precision-mean,cv-recall-raw,cv-recall-mean,cv-auc-raw,cv-auc-mean
0,[0.94782609 0.96521739 0.97368421 0.96491228 0.95614035],0.9615560640732266,[0.73623853 0.66666667 0.7        0.74537037 0.58333333],0.6863217804960924,[0.5        0.5        0.57142857 0.6        0.28571429],0.49142857142857144,[0.73623853 0.98230088 0.98660714 0.86136364 0.97787611],0.9088772604962626,[0.73623853 0.66666667 0.7        0.74537037 0.58333333],0.6863217804960924,[0.87308869 0.96330275 0.93211009 0.91820988 0.83179012],0.9037003058103975
