,cv-accuracy-raw,cv-accuracy-mean,cv-balanced-accuracy-raw,cv-balanced-accuracy-mean,cv-f1-raw,cv-f1-mean,cv-precision-raw,cv-precision-mean,cv-recall-raw,cv-recall-mean,cv-auc-raw,cv-auc-mean
0,[0.75       0.75806452 0.66129032 0.78861789 0.81300813],0.754196170993968,[0.75052083 0.75729167 0.66041667 0.78495763 0.81269841],0.7531770412967447,[0.74796748 0.74576271 0.6440678  0.75925926 0.80672269],0.7407559872968525,[0.75032527 0.75809822 0.66091954 0.79674573 0.81302966],0.7558236833796326,[0.75052083 0.75729167 0.66041667 0.78495763 0.81269841],0.7531770412967447,[0.82708333 0.86953125 0.76432292 0.85646186 0.87169312],0.8378184972199803
