,cv-accuracy-raw,cv-accuracy-mean,cv-balanced-accuracy-raw,cv-balanced-accuracy-mean,cv-f1-raw,cv-f1-mean,cv-precision-raw,cv-precision-mean,cv-recall-raw,cv-recall-mean,cv-auc-raw,cv-auc-mean
0,[0.73387097 0.75       0.67741935 0.78861789 0.80487805],0.750957251507999,[0.73385417 0.7484375  0.67604167 0.78495763 0.8047619 ],0.7496105730427765,[0.72727273 0.73043478 0.65517241 0.75925926 0.8       ],0.7344278365867571,[0.73367161 0.7513834  0.67752101 0.79674573 0.8047619 ],0.7528167296825394,[0.73385417 0.7484375  0.67604167 0.78495763 0.8047619 ],0.7496105730427765,[0.83098958 0.86614583 0.7609375  0.85778602 0.87460317],0.8380924216437986
