,cv-accuracy-raw,cv-accuracy-mean,cv-balanced-accuracy-raw,cv-balanced-accuracy-mean,cv-f1-raw,cv-f1-mean,cv-precision-raw,cv-precision-mean,cv-recall-raw,cv-recall-mean,cv-auc-raw,cv-auc-mean
0,[0.74193548 0.75       0.67741935 0.78861789 0.80487805],0.7525701547338054,[0.7421875  0.7484375  0.67604167 0.78495763 0.8047619 ],0.7512772397094432,[0.73770492 0.73043478 0.65517241 0.75925926 0.8       ],0.7365142747387691,[0.74193548 0.7513834  0.67752101 0.79674573 0.8047619 ],0.7544695043125749,[0.7421875  0.7484375  0.67604167 0.78495763 0.8047619 ],0.7512772397094432,[0.83072917 0.86588542 0.7609375  0.85911017 0.87566138],0.8384647256972467
