,cv-accuracy-raw,cv-accuracy-mean,cv-balanced-accuracy-raw,cv-balanced-accuracy-mean,cv-f1-raw,cv-f1-mean,cv-precision-raw,cv-precision-mean,cv-recall-raw,cv-recall-mean,cv-auc-raw,cv-auc-mean
0,[0.8372093  0.84579439 0.85046729 0.82242991 0.8271028 ],0.8366007389697891,[0.78307692 0.7959375  0.78135417 0.756875   0.77364583],0.7781778846153846,[0.88745981 0.89320388 0.89937107 0.87898089 0.8802589 ],0.8878549102295222,[0.81746032 0.82487136 0.84950828 0.80073171 0.80040023],0.8185943780226079,[0.78307692 0.7959375  0.78135417 0.756875   0.77364583],0.7781778846153846,[0.8894359  0.90916667 0.8746875  0.8703125  0.8878125 ],0.8862830128205127
