,cv-accuracy-raw,cv-accuracy-mean,cv-balanced-accuracy-raw,cv-balanced-accuracy-mean,cv-f1-raw,cv-f1-mean,cv-precision-raw,cv-precision-mean,cv-recall-raw,cv-recall-mean,cv-auc-raw,cv-auc-mean
0,[0.83255814 0.8317757  0.84579439 0.81308411 0.8271028 ],0.8300630297761357,[0.78846154 0.78145833 0.7825     0.74572917 0.78260417],0.7761506410256411,[0.88235294 0.88311688 0.8952381  0.87261146 0.87868852],0.882401581817953,[0.80557366 0.80537975 0.83543599 0.78768293 0.79666484],0.8061474348090437,[0.78846154 0.78145833 0.7825     0.74572917 0.78260417],0.7761506410256411,[0.88287179 0.9090625  0.87677083 0.87197917 0.88697917],0.8855326923076923
