,cv-accuracy-raw,cv-accuracy-mean,cv-balanced-accuracy-raw,cv-balanced-accuracy-mean,cv-f1-raw,cv-f1-mean,cv-precision-raw,cv-precision-mean,cv-recall-raw,cv-recall-mean,cv-auc-raw,cv-auc-mean
0,[0.83255814 0.84579439 0.85046729 0.82242991 0.8271028 ],0.8356705064116496,[0.77538462 0.7959375  0.78135417 0.756875   0.77364583],0.7766394230769231,[0.88461538 0.89320388 0.89937107 0.87898089 0.8802589 ],0.8872860257378082,[0.81271838 0.82487136 0.84950828 0.80073171 0.80040023],0.8176459902817672,[0.77538462 0.7959375  0.78135417 0.756875   0.77364583],0.7766394230769231,[0.8894359  0.90916667 0.87489583 0.87041667 0.88770833],0.8863246794871795
