,cv-accuracy-raw,cv-accuracy-mean,cv-balanced-accuracy-raw,cv-balanced-accuracy-mean,cv-f1-raw,cv-f1-mean,cv-precision-raw,cv-precision-mean,cv-recall-raw,cv-recall-mean,cv-auc-raw,cv-auc-mean
0,[0.94378698 0.95266272 0.9408284  0.9408284  0.9495549 ],0.9455322810036346,[0.7284632  0.75643585 0.73542083 0.73542083 0.74674267],0.7404966755775834,[0.59574468 0.66666667 0.6        0.6        0.63829787],0.6201418439716312,[0.88684259 0.94722375 0.86965847 0.86965847 0.91773897],0.8982244503603898,[0.7284632  0.75643585 0.73542083 0.73542083 0.74674267],0.7404966755775834,[0.8711039  0.88599349 0.86939162 0.90532731 0.87904452],0.882172164461226
