,cv-accuracy-raw,cv-accuracy-mean,cv-balanced-accuracy-raw,cv-balanced-accuracy-mean,cv-f1-raw,cv-f1-mean,cv-precision-raw,cv-precision-mean,cv-recall-raw,cv-recall-mean,cv-auc-raw,cv-auc-mean
0,[0.94378698 0.95266272 0.9408284  0.94378698 0.9495549 ],0.946123996979966,[0.7284632  0.75643585 0.73542083 0.73704949 0.74674267],0.7408224084766062,[0.59574468 0.66666667 0.6        0.6122449  0.63829787],0.6225908235634678,[0.88684259 0.94722375 0.86965847 0.89166667 0.91773897],0.9026260892538618,[0.7284632  0.75643585 0.73542083 0.73704949 0.74674267],0.7408224084766062,[0.87186147 0.88672901 0.87012714 0.90585268 0.8795874 ],0.8828315427348736
