,cv-accuracy-raw,cv-accuracy-mean,cv-balanced-accuracy-raw,cv-balanced-accuracy-mean,cv-f1-raw,cv-f1-mean,cv-precision-raw,cv-precision-mean,cv-recall-raw,cv-recall-mean,cv-auc-raw,cv-auc-mean
0,[0.93786982 0.93195266 0.93786982 0.94378698 0.92878338],0.9360525345460292,[0.69512987 0.62903226 0.66129032 0.69354839 0.630076  ],0.6618153684429823,[0.53333333 0.41025641 0.48780488 0.55813953 0.4       ],0.47790683130444894,[0.87213622 0.96515152 0.9679878  0.9708589  0.86636086],0.928499058982883,[0.69512987 0.62903226 0.66129032 0.69354839 0.630076  ],0.6618153684429823,[0.8491342  0.90007355 0.89166754 0.84680046 0.89098806],0.8757327625615952
