,cv-accuracy-raw,cv-accuracy-mean,cv-balanced-accuracy-raw,cv-balanced-accuracy-mean,cv-f1-raw,cv-f1-mean,cv-precision-raw,cv-precision-mean,cv-recall-raw,cv-recall-mean,cv-auc-raw,cv-auc-mean
0,[0.91129032 0.92741935 0.90322581 0.94308943 0.91869919],0.9207448203514292,[0.66207951 0.7        0.62874618 0.78112713 0.64285714],0.682961992136304,[0.47619048 0.57142857 0.4        0.69565217 0.44444444],0.5175431331953072,[0.87429379 0.96186441 0.85378151 0.91812865 0.95798319],0.9132103105887017,[0.66207951 0.7        0.62874618 0.78112713 0.64285714],0.682961992136304,[0.82813456 0.89785933 0.80122324 0.82372215 0.90825688],0.851839231105286
