,cv-accuracy-raw,cv-accuracy-mean,cv-balanced-accuracy-raw,cv-balanced-accuracy-mean,cv-f1-raw,cv-f1-mean,cv-precision-raw,cv-precision-mean,cv-recall-raw,cv-recall-mean,cv-auc-raw,cv-auc-mean
0,[0.94418605 0.93925234 0.96261682 0.94859813 0.94392523],0.9477157139752228,[0.65373744 0.59375    0.77872475 0.68497475 0.625     ],0.6672373864270849,[0.45454545 0.31578947 0.69230769 0.52173913 0.4       ],0.476876350194428,[0.89035088 0.96919431 0.93284314 0.90441684 0.97142857],0.9336467475744226,[0.65373744 0.59375    0.77872475 0.68497475 0.625     ],0.6672373864270849,[0.85678392 0.8895202  0.95012626 0.90088384 0.90309343],0.9000815313943453
