,category,pii,accuracy,f1,precision,recall
0,entire-population,sex,0.7956730769230769,0.835907335907336,0.8078358208955224,0.866
1,entire-population,race,0.7884615384615384,0.8310940499040307,0.7988929889298892,0.866
2,entire-population,insurance,0.7860576923076923,0.8288461538461538,0.7981481481481482,0.862
3,entire-population,age-group,0.7896634615384616,0.8302618816682832,0.8060263653483992,0.856
