,category,pii,accuracy,f1,precision,recall
0,entire-population,sex,0.7848557692307693,0.816032887975334,0.8393234672304439,0.794
1,entire-population,race,0.7884615384615384,0.8264299802761342,0.8151750972762646,0.838
2,entire-population,insurance,0.7884615384615384,0.8264299802761342,0.8151750972762646,0.838
3,entire-population,age-group,0.7848557692307693,0.8273866923818708,0.7988826815642458,0.858
