,cv-accuracy-raw,cv-accuracy-mean,cv-balanced-accuracy-raw,cv-balanced-accuracy-mean,cv-f1-raw,cv-f1-mean,cv-precision-raw,cv-precision-mean,cv-recall-raw,cv-recall-mean,cv-auc-raw,cv-auc-mean
0,[0.93195266 0.94674556 0.93786982 0.9408284  0.93768546],0.939016381928959,[0.70692641 0.73867815 0.71929179 0.73542083 0.71015201],0.7220938380032633,[0.53061224 0.625      0.57142857 0.6        0.55319149],0.5760464611376466,[0.8154595  0.91625435 0.86232639 0.86965847 0.85579044],0.8638978299211312,[0.70692641 0.73867815 0.71929179 0.73542083 0.71015201],0.7220938380032633,[0.86796537 0.88536303 0.86939162 0.90280551 0.87448426],0.8800019559439545
