,cv-accuracy-raw,cv-accuracy-mean,cv-balanced-accuracy-raw,cv-balanced-accuracy-mean,cv-f1-raw,cv-f1-mean,cv-precision-raw,cv-precision-mean,cv-recall-raw,cv-recall-mean,cv-auc-raw,cv-auc-mean
0,[0.93195266 0.95266272 0.9408284  0.94378698 0.93768546],0.9413832458342843,[0.70692641 0.77093622 0.72092046 0.73704949 0.71015201],0.7291969167045347,[0.53061224 0.68       0.58333333 0.6122449  0.55319149],0.5918763931104356,[0.8154595  0.92542485 0.88528496 0.89166667 0.85579044],0.8747252810928821,[0.70692641 0.77093622 0.72092046 0.73704949 0.71015201],0.7291969167045347,[0.87077922 0.88672901 0.87128297 0.90396133 0.87567861],0.8816862283805648
