,cv-accuracy-raw,cv-accuracy-mean,cv-balanced-accuracy-raw,cv-balanced-accuracy-mean,cv-f1-raw,cv-f1-mean,cv-precision-raw,cv-precision-mean,cv-recall-raw,cv-recall-mean,cv-auc-raw,cv-auc-mean
0,[0.93491124 0.94970414 0.9408284  0.9408284  0.94658754],0.9425719452882202,[0.70854978 0.75480719 0.73542083 0.73542083 0.74511401],0.7358625257968539,[0.54166667 0.65306122 0.6        0.6        0.625     ],0.6039455782312925,[0.83454861 0.92100694 0.86965847 0.86965847 0.89315569],0.8776056389668005,[0.70854978 0.75480719 0.73542083 0.73542083 0.74511401],0.7358625257968539,[0.87121212 0.88504781 0.86886624 0.8986025  0.87307275],0.879360283511802
