,cv-accuracy-raw,cv-accuracy-mean,cv-balanced-accuracy-raw,cv-balanced-accuracy-mean,cv-f1-raw,cv-f1-mean,cv-precision-raw,cv-precision-mean,cv-recall-raw,cv-recall-mean,cv-auc-raw,cv-auc-mean
0,[0.93786982 0.94674556 0.9408284  0.9408284  0.94658754],0.9425719452882202,[0.72521645 0.75317852 0.72092046 0.73542083 0.74511401],0.7359700526785744,[0.57142857 0.64       0.58333333 0.6        0.625     ],0.6039523809523809,[0.84334268 0.89754166 0.88528496 0.86965847 0.89315569],0.8777966929400826,[0.72521645 0.75317852 0.72092046 0.73542083 0.74511401],0.7359700526785744,[0.87294372 0.88599349 0.86981192 0.8986025  0.87372421],0.8802151674811126
